ok,17-May-2016,42507.00434,0
ok,17-May-2016,42507.01129,183
ok,17-May-2016,42507.01823,87
ok,17-May-2016,42507.02517,0
ok,17-May-2016,42507.03212,0
ok,17-May-2016,42507.03906,112
ok,17-May-2016,42507.04601,48
ok,17-May-2016,42507.05295,197
ok,17-May-2016,42507.0599,168
ok,17-May-2016,42507.06684,38
ok,17-May-2016,42507.07379,195
ok,17-May-2016,42507.08073,199
ok,17-May-2016,42507.08767,122
ok,17-May-2016,42507.09462,171
ok,17-May-2016,42507.10156,173
ok,17-May-2016,42507.10851,112
ok,17-May-2016,42507.11545,168
ok,17-May-2016,42507.1224,199
ok,17-May-2016,42507.12934,200
ok,17-May-2016,42507.13629,198
ok,17-May-2016,42507.14323,200
ok,17-May-2016,42507.15017,200
ok,17-May-2016,42507.15712,200
ok,17-May-2016,42507.16406,199
ok,17-May-2016,42507.17101,196
ok,17-May-2016,42507.17795,197
ok,17-May-2016,42507.1849,199
ok,17-May-2016,42507.19184,198
ok,17-May-2016,42507.19879,200
ok,17-May-2016,42507.20573,200
ok,17-May-2016,42507.21267,200
ok,17-May-2016,42507.21962,140
ok,17-May-2016,42507.22656,197
ok,17-May-2016,42507.23351,182
ok,17-May-2016,42507.24045,178
ok,17-May-2016,42507.2474,163
ok,17-May-2016,42507.25434,87
ok,17-May-2016,42507.26129,98
ok,17-May-2016,42507.26823,194
ok,17-May-2016,42507.27517,195
ok,17-May-2016,42507.28212,191
ok,17-May-2016,42507.28906,199
ok,17-May-2016,42507.29601,200
ok,17-May-2016,42507.30295,197
ok,17-May-2016,42507.3099,198
ok,17-May-2016,42507.31684,189
ok,17-May-2016,42507.32379,200
ok,17-May-2016,42507.33073,200
ok,17-May-2016,42507.33767,200
ok,17-May-2016,42507.34462,193
ok,17-May-2016,42507.35156,200
ok,17-May-2016,42507.35851,199
ok,17-May-2016,42507.36545,191
ok,17-May-2016,42507.3724,170
ok,17-May-2016,42507.37934,199
ok,17-May-2016,42507.38629,200
ok,17-May-2016,42507.39323,198
ok,17-May-2016,42507.40017,200
ok,17-May-2016,42507.40712,200
ok,17-May-2016,42507.41406,200
ok,17-May-2016,42507.42101,200
ok,17-May-2016,42507.42795,199
ok,17-May-2016,42507.4349,200
ok,17-May-2016,42507.44184,199
ok,17-May-2016,42507.44879,199
ok,17-May-2016,42507.45573,199
ok,17-May-2016,42507.46267,198
ok,17-May-2016,42507.46962,200
ok,17-May-2016,42507.47656,196
ok,17-May-2016,42507.48351,200
ok,17-May-2016,42507.49045,199
ok,17-May-2016,42507.4974,200
ok,17-May-2016,42507.50434,200
ok,17-May-2016,42507.51129,200
ok,17-May-2016,42507.51823,188
ok,17-May-2016,42507.52517,200
ok,17-May-2016,42507.53212,200
ok,17-May-2016,42507.53906,200
ok,17-May-2016,42507.54601,200
ok,17-May-2016,42507.55295,188
ok,17-May-2016,42507.5599,193
ok,17-May-2016,42507.56684,200
ok,17-May-2016,42507.57379,200
ok,17-May-2016,42507.58073,200
ok,17-May-2016,42507.58767,200
ok,17-May-2016,42507.59462,200
ok,17-May-2016,42507.60156,200
ok,17-May-2016,42507.60851,200
ok,17-May-2016,42507.61545,200
ok,17-May-2016,42507.6224,200
ok,17-May-2016,42507.62934,200
ok,17-May-2016,42507.63629,200
ok,17-May-2016,42507.64323,200
ok,17-May-2016,42507.65017,200
ok,17-May-2016,42507.65712,200
ok,17-May-2016,42507.66406,200
ok,17-May-2016,42507.67101,200
ok,17-May-2016,42507.67795,200
ok,17-May-2016,42507.6849,200
ok,17-May-2016,42507.69184,200
ok,17-May-2016,42507.69879,200
ok,17-May-2016,42507.70573,200
ok,17-May-2016,42507.71267,200
ok,17-May-2016,42507.71962,200
ok,17-May-2016,42507.72656,167
ok,17-May-2016,42507.73351,197
ok,17-May-2016,42507.74045,195
ok,17-May-2016,42507.7474,194
ok,17-May-2016,42507.75434,189
ok,17-May-2016,42507.76129,198
ok,17-May-2016,42507.76823,200
ok,17-May-2016,42507.77517,199
ok,17-May-2016,42507.78212,199
ok,17-May-2016,42507.78906,200
ok,17-May-2016,42507.79601,198
ok,17-May-2016,42507.80295,199
ok,17-May-2016,42507.8099,195
ok,17-May-2016,42507.81684,200
ok,17-May-2016,42507.82379,200
ok,17-May-2016,42507.83073,199
ok,17-May-2016,42507.83767,200
ok,17-May-2016,42507.84462,200
ok,17-May-2016,42507.85156,193
ok,17-May-2016,42507.85851,188
ok,17-May-2016,42507.86545,200
ok,17-May-2016,42507.8724,180
ok,17-May-2016,42507.87934,193
ok,17-May-2016,42507.88629,200
ok,17-May-2016,42507.89323,198
ok,17-May-2016,42507.90017,200
ok,17-May-2016,42507.90712,200
ok,17-May-2016,42507.91406,192
ok,17-May-2016,42507.92101,185
ok,17-May-2016,42507.92795,126
ok,17-May-2016,42507.9349,155
ok,17-May-2016,42507.94184,121
ok,17-May-2016,42507.94879,200
ok,17-May-2016,42507.95573,200
ok,17-May-2016,42507.96267,200
ok,17-May-2016,42507.96962,200
ok,17-May-2016,42507.97656,192
ok,17-May-2016,42507.98351,199
ok,17-May-2016,42507.99045,200
ok,17-May-2016,42507.9974,200
ok,18-May-2016,42508.00434,200
ok,18-May-2016,42508.01129,200
ok,18-May-2016,42508.01823,200
ok,18-May-2016,42508.02517,198
ok,18-May-2016,42508.03212,199
ok,18-May-2016,42508.03906,200
ok,18-May-2016,42508.04601,197
ok,18-May-2016,42508.05295,195
ok,18-May-2016,42508.0599,192
ok,18-May-2016,42508.06684,199
ok,18-May-2016,42508.07379,200
ok,18-May-2016,42508.08073,198
ok,18-May-2016,42508.08767,200
ok,18-May-2016,42508.09462,200
ok,18-May-2016,42508.10156,200
ok,18-May-2016,42508.10851,200
ok,18-May-2016,42508.11545,194
ok,18-May-2016,42508.1224,193
ok,18-May-2016,42508.12934,198
ok,18-May-2016,42508.13629,200
ok,18-May-2016,42508.14323,200
ok,18-May-2016,42508.15017,200
ok,18-May-2016,42508.15712,173
ok,18-May-2016,42508.16406,155
ok,18-May-2016,42508.17101,199
ok,18-May-2016,42508.17795,134
ok,18-May-2016,42508.1849,141
ok,18-May-2016,42508.19184,126
ok,18-May-2016,42508.19879,191
ok,18-May-2016,42508.20573,139
ok,18-May-2016,42508.21267,191
ok,18-May-2016,42508.21962,190
ok,18-May-2016,42508.22656,200
ok,18-May-2016,42508.23351,200
ok,18-May-2016,42508.24045,200
ok,18-May-2016,42508.2474,200
ok,18-May-2016,42508.25434,200
ok,18-May-2016,42508.26129,199
ok,18-May-2016,42508.26823,200
ok,18-May-2016,42508.27517,200
ok,18-May-2016,42508.28212,190
ok,18-May-2016,42508.28906,199
ok,18-May-2016,42508.29601,196
ok,18-May-2016,42508.30295,79
ok,18-May-2016,42508.3099,199
ok,18-May-2016,42508.31684,200
ok,18-May-2016,42508.32379,198
ok,18-May-2016,42508.33073,199
ok,18-May-2016,42508.33767,200
ok,18-May-2016,42508.34462,199
ok,18-May-2016,42508.35156,200
ok,18-May-2016,42508.35851,192
ok,18-May-2016,42508.36545,68
ok,18-May-2016,42508.3724,0
ok,18-May-2016,42508.37934,0
ok,18-May-2016,42508.38629,0
ok,18-May-2016,42508.39323,37
ok,18-May-2016,42508.40017,200
ok,18-May-2016,42508.40712,122
ok,18-May-2016,42508.41406,0
ok,18-May-2016,42508.42101,0
ok,18-May-2016,42508.42795,0
ok,18-May-2016,42508.4349,0
ok,18-May-2016,42508.44184,0
ok,18-May-2016,42508.44879,0
ok,18-May-2016,42508.45573,0
ok,18-May-2016,42508.46267,0
ok,18-May-2016,42508.46962,0
ok,18-May-2016,42508.47656,0
ok,18-May-2016,42508.48351,0
ok,18-May-2016,42508.49045,0
ok,18-May-2016,42508.4974,0
ok,18-May-2016,42508.50434,0
ok,18-May-2016,42508.51129,0
ok,18-May-2016,42508.51823,0
ok,18-May-2016,42508.52517,0
ok,18-May-2016,42508.53212,0
ok,18-May-2016,42508.53906,0
ok,18-May-2016,42508.54601,0
ok,18-May-2016,42508.55295,0
ok,18-May-2016,42508.5599,0
ok,18-May-2016,42508.56684,0
ok,18-May-2016,42508.57379,0
ok,18-May-2016,42508.58073,0
ok,18-May-2016,42508.58767,0
ok,18-May-2016,42508.59462,0
ok,18-May-2016,42508.60156,0
ok,18-May-2016,42508.60851,0
ok,18-May-2016,42508.61545,0
ok,18-May-2016,42508.6224,0
ok,18-May-2016,42508.62934,0
ok,18-May-2016,42508.63629,0
ok,18-May-2016,42508.64323,0
ok,18-May-2016,42508.65017,0
ok,18-May-2016,42508.65712,0
ok,18-May-2016,42508.66406,0
ok,18-May-2016,42508.67101,0
ok,18-May-2016,42508.67795,0
ok,18-May-2016,42508.6849,0
ok,18-May-2016,42508.69184,0
ok,18-May-2016,42508.69879,0
ok,18-May-2016,42508.70573,0
ok,18-May-2016,42508.71267,0
ok,18-May-2016,42508.71962,0
ok,18-May-2016,42508.72656,0
ok,18-May-2016,42508.73351,0
ok,18-May-2016,42508.74045,0
ok,18-May-2016,42508.7474,0
ok,18-May-2016,42508.75434,0
ok,18-May-2016,42508.76129,0
ok,18-May-2016,42508.76823,0
ok,18-May-2016,42508.77517,0
ok,18-May-2016,42508.78212,0
ok,18-May-2016,42508.78906,0
ok,18-May-2016,42508.79601,0
ok,18-May-2016,42508.80295,0
ok,18-May-2016,42508.8099,0
ok,18-May-2016,42508.81684,0
ok,18-May-2016,42508.82379,0
ok,18-May-2016,42508.83073,0
ok,18-May-2016,42508.83767,0
ok,18-May-2016,42508.84462,0
ok,18-May-2016,42508.85156,0
ok,18-May-2016,42508.85851,0
ok,18-May-2016,42508.86545,0
ok,18-May-2016,42508.8724,0
ok,18-May-2016,42508.87934,0
ok,18-May-2016,42508.88629,0
ok,18-May-2016,42508.89323,0
ok,18-May-2016,42508.90017,0
ok,18-May-2016,42508.90712,0
ok,18-May-2016,42508.91406,0
ok,18-May-2016,42508.92101,0
ok,18-May-2016,42508.92795,0
ok,18-May-2016,42508.9349,0
ok,18-May-2016,42508.94184,0
ok,18-May-2016,42508.94879,0
ok,18-May-2016,42508.95573,0
ok,18-May-2016,42508.96267,0
ok,18-May-2016,42508.96962,0
ok,18-May-2016,42508.97656,0
ok,18-May-2016,42508.98351,0
ok,18-May-2016,42508.99045,0
ok,18-May-2016,42508.9974,0
ok,19-May-2016,42509.00434,0
ok,19-May-2016,42509.01129,0
ok,19-May-2016,42509.01823,0
ok,19-May-2016,42509.02517,0
ok,19-May-2016,42509.03212,0
ok,19-May-2016,42509.03906,0
ok,19-May-2016,42509.04601,0
ok,19-May-2016,42509.05295,0
ok,19-May-2016,42509.0599,0
ok,19-May-2016,42509.06684,0
ok,19-May-2016,42509.07379,0
ok,19-May-2016,42509.08073,0
ok,19-May-2016,42509.08767,0
ok,19-May-2016,42509.09462,0
ok,19-May-2016,42509.10156,0
ok,19-May-2016,42509.10851,0
ok,19-May-2016,42509.11545,0
ok,19-May-2016,42509.1224,0
ok,19-May-2016,42509.12934,0
ok,19-May-2016,42509.13629,0
ok,19-May-2016,42509.14323,0
ok,19-May-2016,42509.15017,0
ok,19-May-2016,42509.15712,0
ok,19-May-2016,42509.16406,0
ok,19-May-2016,42509.17101,0
ok,19-May-2016,42509.17795,0
ok,19-May-2016,42509.1849,0
ok,19-May-2016,42509.19184,0
ok,19-May-2016,42509.19879,0
ok,19-May-2016,42509.20573,0
ok,19-May-2016,42509.21267,0
ok,19-May-2016,42509.21962,0
ok,19-May-2016,42509.22656,0
ok,19-May-2016,42509.23351,0
ok,19-May-2016,42509.24045,0
ok,19-May-2016,42509.2474,0
ok,19-May-2016,42509.25434,0
ok,19-May-2016,42509.26129,0
ok,19-May-2016,42509.26823,0
ok,19-May-2016,42509.27517,0
ok,19-May-2016,42509.28212,0
ok,19-May-2016,42509.28906,0
ok,19-May-2016,42509.29601,0
ok,19-May-2016,42509.30295,0
ok,19-May-2016,42509.3099,0
ok,19-May-2016,42509.31684,0
ok,19-May-2016,42509.32379,0
ok,19-May-2016,42509.33073,0
ok,19-May-2016,42509.33767,0
ok,19-May-2016,42509.34462,0
ok,19-May-2016,42509.35156,0
ok,19-May-2016,42509.35851,0
ok,19-May-2016,42509.36545,0
ok,19-May-2016,42509.3724,0
ok,19-May-2016,42509.37934,0
ok,19-May-2016,42509.38629,0
ok,19-May-2016,42509.39323,0
ok,19-May-2016,42509.40017,0
ok,19-May-2016,42509.40712,0
ok,19-May-2016,42509.41406,0
ok,19-May-2016,42509.42101,0
ok,19-May-2016,42509.42795,0
ok,19-May-2016,42509.4349,0
ok,19-May-2016,42509.44184,0
ok,19-May-2016,42509.44879,0
ok,19-May-2016,42509.45573,0
ok,19-May-2016,42509.46267,0
ok,19-May-2016,42509.46962,0
ok,19-May-2016,42509.47656,0
ok,19-May-2016,42509.48351,0
ok,19-May-2016,42509.49045,0
ok,19-May-2016,42509.4974,0
ok,19-May-2016,42509.50434,0
ok,19-May-2016,42509.51129,0
ok,19-May-2016,42509.51823,0
ok,19-May-2016,42509.52517,0
ok,19-May-2016,42509.53212,0
ok,19-May-2016,42509.53906,0
ok,19-May-2016,42509.54601,0
ok,19-May-2016,42509.55295,0
ok,19-May-2016,42509.5599,0
ok,19-May-2016,42509.56684,0
ok,19-May-2016,42509.57379,0
ok,19-May-2016,42509.58073,0
ok,19-May-2016,42509.58767,0
ok,19-May-2016,42509.59462,0
ok,19-May-2016,42509.60156,0
ok,19-May-2016,42509.60851,0
ok,19-May-2016,42509.61545,0
ok,19-May-2016,42509.6224,0
ok,19-May-2016,42509.62934,0
ok,19-May-2016,42509.63629,0
ok,19-May-2016,42509.64323,0
ok,19-May-2016,42509.65017,0
ok,19-May-2016,42509.65712,0
ok,19-May-2016,42509.66406,0
ok,19-May-2016,42509.67101,0
ok,19-May-2016,42509.67795,0
ok,19-May-2016,42509.6849,0
ok,19-May-2016,42509.69184,0
ok,19-May-2016,42509.69879,0
ok,19-May-2016,42509.70573,0
ok,19-May-2016,42509.71267,0
ok,19-May-2016,42509.71962,0
ok,19-May-2016,42509.72656,0
ok,19-May-2016,42509.73351,0
ok,19-May-2016,42509.74045,0
ok,19-May-2016,42509.7474,0
ok,19-May-2016,42509.75434,0
ok,19-May-2016,42509.76129,0
ok,19-May-2016,42509.76823,0
ok,19-May-2016,42509.77517,8
ok,19-May-2016,42509.78212,103
ok,19-May-2016,42509.78906,0
ok,19-May-2016,42509.79601,0
ok,19-May-2016,42509.80295,0
ok,19-May-2016,42509.8099,0
ok,19-May-2016,42509.81684,0
ok,19-May-2016,42509.82379,0
ok,19-May-2016,42509.83073,0
ok,19-May-2016,42509.83767,0
ok,19-May-2016,42509.84462,68
ok,19-May-2016,42509.85156,0
ok,19-May-2016,42509.85851,123
ok,19-May-2016,42509.86545,39
ok,19-May-2016,42509.8724,22
ok,19-May-2016,42509.87934,133
ok,19-May-2016,42509.88629,191
ok,19-May-2016,42509.89323,191
ok,19-May-2016,42509.90017,56
ok,19-May-2016,42509.90712,128
ok,19-May-2016,42509.91406,27
ok,19-May-2016,42509.92101,174
ok,19-May-2016,42509.92795,200
ok,19-May-2016,42509.9349,200
ok,19-May-2016,42509.94184,192
ok,19-May-2016,42509.94879,198
ok,19-May-2016,42509.95573,200
ok,19-May-2016,42509.96267,200
ok,19-May-2016,42509.96962,192
ok,19-May-2016,42509.97656,200
ok,19-May-2016,42509.98351,188
ok,19-May-2016,42509.99045,200
ok,19-May-2016,42509.9974,199
ok,20-May-2016,42510.00434,198
ok,20-May-2016,42510.01129,195
ok,20-May-2016,42510.01823,185
ok,20-May-2016,42510.02517,131
ok,20-May-2016,42510.03212,199
ok,20-May-2016,42510.03906,197
ok,20-May-2016,42510.04601,191
ok,20-May-2016,42510.05295,160
ok,20-May-2016,42510.0599,75
ok,20-May-2016,42510.06684,174
ok,20-May-2016,42510.07379,193
ok,20-May-2016,42510.08073,200
ok,20-May-2016,42510.08767,193
ok,20-May-2016,42510.09462,192
ok,20-May-2016,42510.10156,197
ok,20-May-2016,42510.10851,200
ok,20-May-2016,42510.11545,65
ok,20-May-2016,42510.1224,113
ok,20-May-2016,42510.12934,133
ok,20-May-2016,42510.13629,63
ok,20-May-2016,42510.14323,111
ok,20-May-2016,42510.15017,174
ok,20-May-2016,42510.15712,192
ok,20-May-2016,42510.16406,198
ok,20-May-2016,42510.17101,200
ok,20-May-2016,42510.17795,199
ok,20-May-2016,42510.1849,193
ok,20-May-2016,42510.19184,199
ok,20-May-2016,42510.19879,119
ok,20-May-2016,42510.20573,171
ok,20-May-2016,42510.21267,122
ok,20-May-2016,42510.21962,160
ok,20-May-2016,42510.22656,200
ok,20-May-2016,42510.23351,200
ok,20-May-2016,42510.24045,200
ok,20-May-2016,42510.2474,195
ok,20-May-2016,42510.25434,176
ok,20-May-2016,42510.26129,198
ok,20-May-2016,42510.26823,200
ok,20-May-2016,42510.27517,200
ok,20-May-2016,42510.28212,200
ok,20-May-2016,42510.28906,200
ok,20-May-2016,42510.29601,199
ok,20-May-2016,42510.30295,198
ok,20-May-2016,42510.3099,198
ok,20-May-2016,42510.31684,197
ok,20-May-2016,42510.32379,193
ok,20-May-2016,42510.33073,200
ok,20-May-2016,42510.33767,199
ok,20-May-2016,42510.34462,197
ok,20-May-2016,42510.35156,186
ok,20-May-2016,42510.35851,200
ok,20-May-2016,42510.36545,166
ok,20-May-2016,42510.3724,190
ok,20-May-2016,42510.37934,199
ok,20-May-2016,42510.38629,200
ok,20-May-2016,42510.39323,200
ok,20-May-2016,42510.40017,199
ok,20-May-2016,42510.40712,185
ok,20-May-2016,42510.41406,145
ok,20-May-2016,42510.42101,200
ok,20-May-2016,42510.42795,200
ok,20-May-2016,42510.4349,200
ok,20-May-2016,42510.44184,199
ok,20-May-2016,42510.44879,198
ok,20-May-2016,42510.45573,200
ok,20-May-2016,42510.46267,199
ok,20-May-2016,42510.46962,199
ok,20-May-2016,42510.47656,200
ok,20-May-2016,42510.48351,197
ok,20-May-2016,42510.49045,198
ok,20-May-2016,42510.4974,194
ok,20-May-2016,42510.50434,200
ok,20-May-2016,42510.51129,200
ok,20-May-2016,42510.51823,200
ok,20-May-2016,42510.52517,200
ok,20-May-2016,42510.53212,200
ok,20-May-2016,42510.53906,200
ok,20-May-2016,42510.54601,190
ok,20-May-2016,42510.55295,197
ok,20-May-2016,42510.5599,188
ok,20-May-2016,42510.56684,195
ok,20-May-2016,42510.57379,177
ok,20-May-2016,42510.58073,194
ok,20-May-2016,42510.58767,199
ok,20-May-2016,42510.59462,197
ok,20-May-2016,42510.60156,172
ok,20-May-2016,42510.60851,200
ok,20-May-2016,42510.61545,197
ok,20-May-2016,42510.6224,195
ok,20-May-2016,42510.62934,199
ok,20-May-2016,42510.63629,200
ok,20-May-2016,42510.64323,200
ok,20-May-2016,42510.65017,200
ok,20-May-2016,42510.65712,200
ok,20-May-2016,42510.66406,199
ok,20-May-2016,42510.67101,195
ok,20-May-2016,42510.67795,200
ok,20-May-2016,42510.6849,199
ok,20-May-2016,42510.69184,199
ok,20-May-2016,42510.69879,200
ok,20-May-2016,42510.70573,200
ok,20-May-2016,42510.71267,199
ok,20-May-2016,42510.71962,195
ok,20-May-2016,42510.72656,200
ok,20-May-2016,42510.73351,200
ok,20-May-2016,42510.74045,199
ok,20-May-2016,42510.7474,194
ok,20-May-2016,42510.75434,190
ok,20-May-2016,42510.76129,196
ok,20-May-2016,42510.76823,200
ok,20-May-2016,42510.77517,199
ok,20-May-2016,42510.78212,200
ok,20-May-2016,42510.78906,180
ok,20-May-2016,42510.79601,196
ok,20-May-2016,42510.80295,199
ok,20-May-2016,42510.8099,200
ok,20-May-2016,42510.81684,197
ok,20-May-2016,42510.82379,197
ok,20-May-2016,42510.83073,199
ok,20-May-2016,42510.83767,180
ok,20-May-2016,42510.84462,200
ok,20-May-2016,42510.85156,200
ok,20-May-2016,42510.85851,190
ok,20-May-2016,42510.86545,191
ok,20-May-2016,42510.8724,174
ok,20-May-2016,42510.87934,197
ok,20-May-2016,42510.88629,200
ok,20-May-2016,42510.89323,200
ok,20-May-2016,42510.90017,200
ok,20-May-2016,42510.90712,199
ok,20-May-2016,42510.91406,200
ok,20-May-2016,42510.92101,195
ok,20-May-2016,42510.92795,200
ok,20-May-2016,42510.9349,200
ok,20-May-2016,42510.94184,197
ok,20-May-2016,42510.94879,196
ok,20-May-2016,42510.95573,196
ok,20-May-2016,42510.96267,200
ok,20-May-2016,42510.96962,200
ok,20-May-2016,42510.97656,196
ok,20-May-2016,42510.98351,199
ok,20-May-2016,42510.99045,200
ok,20-May-2016,42510.9974,198
ok,21-May-2016,42511.00434,120
ok,21-May-2016,42511.01129,200
ok,21-May-2016,42511.01823,200
ok,21-May-2016,42511.02517,195
ok,21-May-2016,42511.03212,194
ok,21-May-2016,42511.03906,194
ok,21-May-2016,42511.04601,200
ok,21-May-2016,42511.05295,199
ok,21-May-2016,42511.0599,198
ok,21-May-2016,42511.06684,190
ok,21-May-2016,42511.07379,160
ok,21-May-2016,42511.08073,200
ok,21-May-2016,42511.08767,200
ok,21-May-2016,42511.09462,193
ok,21-May-2016,42511.10156,198
ok,21-May-2016,42511.10851,200
ok,21-May-2016,42511.11545,200
ok,21-May-2016,42511.1224,197
ok,21-May-2016,42511.12934,200
ok,21-May-2016,42511.13629,200
ok,21-May-2016,42511.14323,200
ok,21-May-2016,42511.15017,200
ok,21-May-2016,42511.15712,200
ok,21-May-2016,42511.16406,180
ok,21-May-2016,42511.17101,200
ok,21-May-2016,42511.17795,199
ok,21-May-2016,42511.1849,184
ok,21-May-2016,42511.19184,162
ok,21-May-2016,42511.19879,198
ok,21-May-2016,42511.20573,200
ok,21-May-2016,42511.21267,197
ok,21-May-2016,42511.21962,152
ok,21-May-2016,42511.22656,0
ok,21-May-2016,42511.23351,103
ok,21-May-2016,42511.24045,199
ok,21-May-2016,42511.2474,193
ok,21-May-2016,42511.25434,197
ok,21-May-2016,42511.26129,200
ok,21-May-2016,42511.26823,200
ok,21-May-2016,42511.27517,200
ok,21-May-2016,42511.28212,200
ok,21-May-2016,42511.28906,154
ok,21-May-2016,42511.29601,0
ok,21-May-2016,42511.30295,0
ok,21-May-2016,42511.3099,0
ok,21-May-2016,42511.31684,0
ok,21-May-2016,42511.32379,0
ok,21-May-2016,42511.33073,22
ok,21-May-2016,42511.33767,200
ok,21-May-2016,42511.34462,188
ok,21-May-2016,42511.35156,193
ok,21-May-2016,42511.35851,194
ok,21-May-2016,42511.36545,7
ok,21-May-2016,42511.3724,0
ok,21-May-2016,42511.37934,0
ok,21-May-2016,42511.38629,0
ok,21-May-2016,42511.39323,0
ok,21-May-2016,42511.40017,0
ok,21-May-2016,42511.40712,0
ok,21-May-2016,42511.41406,0
ok,21-May-2016,42511.42101,0
ok,21-May-2016,42511.42795,47
ok,21-May-2016,42511.4349,200
ok,21-May-2016,42511.44184,199
ok,21-May-2016,42511.44879,199
ok,21-May-2016,42511.45573,197
ok,21-May-2016,42511.46267,197
ok,21-May-2016,42511.46962,33
ok,21-May-2016,42511.47656,0
ok,21-May-2016,42511.48351,0
ok,21-May-2016,42511.49045,0
ok,21-May-2016,42511.4974,0
ok,21-May-2016,42511.50434,0
ok,21-May-2016,42511.51129,0
ok,21-May-2016,42511.51823,0
ok,21-May-2016,42511.52517,0
ok,21-May-2016,42511.53212,0
ok,21-May-2016,42511.53906,0
ok,21-May-2016,42511.54601,0
ok,21-May-2016,42511.55295,0
ok,21-May-2016,42511.5599,0
ok,21-May-2016,42511.56684,0
ok,21-May-2016,42511.57379,0
ok,21-May-2016,42511.58073,0
ok,21-May-2016,42511.58767,0
ok,21-May-2016,42511.59462,0
ok,21-May-2016,42511.60156,0
ok,21-May-2016,42511.60851,0
ok,21-May-2016,42511.61545,0
ok,21-May-2016,42511.6224,0
ok,21-May-2016,42511.62934,0
ok,21-May-2016,42511.63629,0
ok,21-May-2016,42511.64323,0
ok,21-May-2016,42511.65017,0
ok,21-May-2016,42511.65712,0
ok,21-May-2016,42511.66406,0
ok,21-May-2016,42511.67101,0
ok,21-May-2016,42511.67795,0
ok,21-May-2016,42511.6849,0
ok,21-May-2016,42511.69184,0
ok,21-May-2016,42511.69879,0
ok,21-May-2016,42511.70573,0
ok,21-May-2016,42511.71267,0
ok,21-May-2016,42511.71962,0
ok,21-May-2016,42511.72656,0
ok,21-May-2016,42511.73351,0
ok,21-May-2016,42511.74045,0
ok,21-May-2016,42511.7474,0
ok,21-May-2016,42511.75434,0
ok,21-May-2016,42511.76129,0
ok,21-May-2016,42511.76823,0
ok,21-May-2016,42511.77517,0
ok,21-May-2016,42511.78212,0
ok,21-May-2016,42511.78906,0
ok,21-May-2016,42511.79601,0
ok,21-May-2016,42511.80295,0
ok,21-May-2016,42511.8099,0
ok,21-May-2016,42511.81684,0
ok,21-May-2016,42511.82379,0
ok,21-May-2016,42511.83073,0
ok,21-May-2016,42511.83767,0
ok,21-May-2016,42511.84462,0
ok,21-May-2016,42511.85156,0
ok,21-May-2016,42511.85851,0
ok,21-May-2016,42511.86545,0
ok,21-May-2016,42511.8724,0
ok,21-May-2016,42511.87934,0
ok,21-May-2016,42511.88629,0
ok,21-May-2016,42511.89323,0
ok,21-May-2016,42511.90017,0
ok,21-May-2016,42511.90712,0
ok,21-May-2016,42511.91406,0
ok,21-May-2016,42511.92101,0
ok,21-May-2016,42511.92795,0
ok,21-May-2016,42511.9349,0
ok,21-May-2016,42511.94184,0
ok,21-May-2016,42511.94879,0
ok,21-May-2016,42511.95573,0
ok,21-May-2016,42511.96267,0
ok,21-May-2016,42511.96962,0
ok,21-May-2016,42511.97656,0
ok,21-May-2016,42511.98351,0
ok,21-May-2016,42511.99045,0
ok,21-May-2016,42511.9974,0
ok,22-May-2016,42512.00434,0
ok,22-May-2016,42512.01129,0
ok,22-May-2016,42512.01823,0
ok,22-May-2016,42512.02517,0
ok,22-May-2016,42512.03212,0
ok,22-May-2016,42512.03906,0
ok,22-May-2016,42512.04601,0
ok,22-May-2016,42512.05295,0
ok,22-May-2016,42512.0599,0
ok,22-May-2016,42512.06684,0
ok,22-May-2016,42512.07379,0
ok,22-May-2016,42512.08073,0
ok,22-May-2016,42512.08767,0
ok,22-May-2016,42512.09462,0
ok,22-May-2016,42512.10156,0
ok,22-May-2016,42512.10851,0
ok,22-May-2016,42512.11545,0
ok,22-May-2016,42512.1224,0
ok,22-May-2016,42512.12934,0
ok,22-May-2016,42512.13629,0
ok,22-May-2016,42512.14323,0
ok,22-May-2016,42512.15017,0
ok,22-May-2016,42512.15712,0
ok,22-May-2016,42512.16406,0
ok,22-May-2016,42512.17101,0
ok,22-May-2016,42512.17795,0
ok,22-May-2016,42512.1849,0
ok,22-May-2016,42512.19184,0
ok,22-May-2016,42512.19879,0
ok,22-May-2016,42512.20573,0
ok,22-May-2016,42512.21267,0
ok,22-May-2016,42512.21962,0
ok,22-May-2016,42512.22656,0
ok,22-May-2016,42512.23351,0
ok,22-May-2016,42512.24045,0
ok,22-May-2016,42512.2474,0
ok,22-May-2016,42512.25434,0
ok,22-May-2016,42512.26129,0
ok,22-May-2016,42512.26823,0
ok,22-May-2016,42512.27517,0
ok,22-May-2016,42512.28212,0
ok,22-May-2016,42512.28906,0
ok,22-May-2016,42512.29601,0
ok,22-May-2016,42512.30295,0
ok,22-May-2016,42512.3099,0
ok,22-May-2016,42512.31684,0
ok,22-May-2016,42512.32379,0
ok,22-May-2016,42512.33073,0
ok,22-May-2016,42512.33767,0
ok,22-May-2016,42512.34462,0
ok,22-May-2016,42512.35156,0
ok,22-May-2016,42512.35851,0
ok,22-May-2016,42512.36545,0
ok,22-May-2016,42512.3724,0
ok,22-May-2016,42512.37934,0
ok,22-May-2016,42512.38629,0
ok,22-May-2016,42512.39323,0
ok,22-May-2016,42512.40017,0
ok,22-May-2016,42512.40712,0
ok,22-May-2016,42512.41406,0
ok,22-May-2016,42512.42101,0
ok,22-May-2016,42512.42795,0
ok,22-May-2016,42512.4349,0
ok,22-May-2016,42512.44184,0
ok,22-May-2016,42512.44879,0
ok,22-May-2016,42512.45573,0
ok,22-May-2016,42512.46267,0
ok,22-May-2016,42512.46962,0
ok,22-May-2016,42512.47656,0
ok,22-May-2016,42512.48351,0
ok,22-May-2016,42512.49045,0
ok,22-May-2016,42512.4974,0
ok,22-May-2016,42512.50434,0
ok,22-May-2016,42512.51129,0
ok,22-May-2016,42512.51823,0
ok,22-May-2016,42512.52517,0
ok,22-May-2016,42512.53212,0
ok,22-May-2016,42512.53906,0
ok,22-May-2016,42512.54601,0
ok,22-May-2016,42512.55295,0
ok,22-May-2016,42512.5599,0
ok,22-May-2016,42512.56684,0
ok,22-May-2016,42512.57379,0
ok,22-May-2016,42512.58073,0
ok,22-May-2016,42512.58767,0
ok,22-May-2016,42512.59462,0
ok,22-May-2016,42512.60156,0
ok,22-May-2016,42512.60851,0
ok,22-May-2016,42512.61545,0
ok,22-May-2016,42512.6224,0
ok,22-May-2016,42512.62934,0
ok,22-May-2016,42512.63629,0
ok,22-May-2016,42512.64323,0
ok,22-May-2016,42512.65017,0
ok,22-May-2016,42512.65712,0
ok,22-May-2016,42512.66406,0
ok,22-May-2016,42512.67101,0
ok,22-May-2016,42512.67795,0
ok,22-May-2016,42512.6849,0
ok,22-May-2016,42512.69184,0
ok,22-May-2016,42512.69879,0
ok,22-May-2016,42512.70573,0
ok,22-May-2016,42512.71267,0
ok,22-May-2016,42512.71962,0
ok,22-May-2016,42512.72656,0
ok,22-May-2016,42512.73351,0
ok,22-May-2016,42512.74045,0
ok,22-May-2016,42512.7474,0
ok,22-May-2016,42512.75434,0
ok,22-May-2016,42512.76129,0
ok,22-May-2016,42512.76823,0
ok,22-May-2016,42512.77517,0
ok,22-May-2016,42512.78212,0
ok,22-May-2016,42512.78906,0
ok,22-May-2016,42512.79601,0
ok,22-May-2016,42512.80295,0
ok,22-May-2016,42512.8099,0
ok,22-May-2016,42512.81684,0
ok,22-May-2016,42512.82379,0
ok,22-May-2016,42512.83073,0
ok,22-May-2016,42512.83767,0
ok,22-May-2016,42512.84462,0
ok,22-May-2016,42512.85156,0
ok,22-May-2016,42512.85851,0
ok,22-May-2016,42512.86545,0
ok,22-May-2016,42512.8724,0
ok,22-May-2016,42512.87934,0
ok,22-May-2016,42512.88629,0
ok,22-May-2016,42512.89323,0
ok,22-May-2016,42512.90017,0
ok,22-May-2016,42512.90712,0
ok,22-May-2016,42512.91406,0
ok,22-May-2016,42512.92101,0
ok,22-May-2016,42512.92795,0
ok,22-May-2016,42512.9349,0
ok,22-May-2016,42512.94184,0
ok,22-May-2016,42512.94879,0
ok,22-May-2016,42512.95573,0
ok,22-May-2016,42512.96267,0
ok,22-May-2016,42512.96962,0
ok,22-May-2016,42512.97656,0
ok,22-May-2016,42512.98351,0
ok,22-May-2016,42512.99045,0
ok,22-May-2016,42512.9974,0
ok,23-May-2016,42513.00434,0
ok,23-May-2016,42513.01129,0
ok,23-May-2016,42513.01823,0
ok,23-May-2016,42513.02517,0
ok,23-May-2016,42513.03212,0
ok,23-May-2016,42513.03906,0
ok,23-May-2016,42513.04601,0
ok,23-May-2016,42513.05295,0
ok,23-May-2016,42513.0599,0
ok,23-May-2016,42513.06684,0
ok,23-May-2016,42513.07379,0
ok,23-May-2016,42513.08073,0
ok,23-May-2016,42513.08767,0
ok,23-May-2016,42513.09462,0
ok,23-May-2016,42513.10156,0
ok,23-May-2016,42513.10851,0
ok,23-May-2016,42513.11545,0
ok,23-May-2016,42513.1224,0
ok,23-May-2016,42513.12934,0
ok,23-May-2016,42513.13629,0
ok,23-May-2016,42513.14323,0
ok,23-May-2016,42513.15017,0
ok,23-May-2016,42513.15712,0
ok,23-May-2016,42513.16406,0
ok,23-May-2016,42513.17101,0
ok,23-May-2016,42513.17795,0
ok,23-May-2016,42513.1849,0
ok,23-May-2016,42513.19184,0
ok,23-May-2016,42513.19879,0
ok,23-May-2016,42513.20573,0
ok,23-May-2016,42513.21267,0
ok,23-May-2016,42513.21962,0
ok,23-May-2016,42513.22656,0
ok,23-May-2016,42513.23351,0
ok,23-May-2016,42513.24045,0
ok,23-May-2016,42513.2474,0
ok,23-May-2016,42513.25434,0
ok,23-May-2016,42513.26129,0
ok,23-May-2016,42513.26823,0
ok,23-May-2016,42513.27517,0
ok,23-May-2016,42513.28212,0
ok,23-May-2016,42513.28906,0
ok,23-May-2016,42513.29601,0
ok,23-May-2016,42513.30295,0
ok,23-May-2016,42513.3099,0
ok,23-May-2016,42513.31684,0
ok,23-May-2016,42513.32379,0
ok,23-May-2016,42513.33073,0
ok,23-May-2016,42513.33767,0
ok,23-May-2016,42513.34462,0
ok,23-May-2016,42513.35156,0
ok,23-May-2016,42513.35851,0
ok,23-May-2016,42513.36545,0
ok,23-May-2016,42513.3724,0
ok,23-May-2016,42513.37934,0
ok,23-May-2016,42513.38629,0
ok,23-May-2016,42513.39323,0
ok,23-May-2016,42513.40017,0
ok,23-May-2016,42513.40712,0
ok,23-May-2016,42513.41406,0
ok,23-May-2016,42513.42101,0
ok,23-May-2016,42513.42795,0
ok,23-May-2016,42513.4349,0
ok,23-May-2016,42513.44184,0
ok,23-May-2016,42513.44879,0
ok,23-May-2016,42513.45573,0
ok,23-May-2016,42513.46267,0
ok,23-May-2016,42513.46962,0
ok,23-May-2016,42513.47656,0
ok,23-May-2016,42513.48351,0
ok,23-May-2016,42513.49045,0
ok,23-May-2016,42513.4974,0
ok,23-May-2016,42513.50434,0
ok,23-May-2016,42513.51129,0
ok,23-May-2016,42513.51823,0
ok,23-May-2016,42513.52517,0
ok,23-May-2016,42513.53212,0
ok,23-May-2016,42513.53906,0
ok,23-May-2016,42513.54601,0
ok,23-May-2016,42513.55295,0
ok,23-May-2016,42513.5599,0
ok,23-May-2016,42513.56684,0
ok,23-May-2016,42513.57379,0
ok,23-May-2016,42513.58073,0
ok,23-May-2016,42513.58767,0
ok,23-May-2016,42513.59462,0
ok,23-May-2016,42513.60156,0
ok,23-May-2016,42513.60851,0
ok,23-May-2016,42513.61545,0
ok,23-May-2016,42513.6224,0
ok,23-May-2016,42513.62934,0
ok,23-May-2016,42513.63629,0
ok,23-May-2016,42513.64323,0
ok,23-May-2016,42513.65017,105
ok,23-May-2016,42513.65712,200
ok,23-May-2016,42513.66406,192
ok,23-May-2016,42513.67101,15
ok,23-May-2016,42513.67795,0
ok,23-May-2016,42513.6849,11
ok,23-May-2016,42513.69184,198
ok,23-May-2016,42513.69879,5
ok,23-May-2016,42513.70573,66
ok,23-May-2016,42513.71267,180
ok,23-May-2016,42513.71962,5
ok,23-May-2016,42513.72656,77
ok,23-May-2016,42513.73351,131
ok,23-May-2016,42513.74045,0
ok,23-May-2016,42513.7474,0
ok,23-May-2016,42513.75434,177
ok,23-May-2016,42513.76129,93
ok,23-May-2016,42513.76823,128
ok,23-May-2016,42513.77517,200
ok,23-May-2016,42513.78212,198
ok,23-May-2016,42513.78906,190
ok,23-May-2016,42513.79601,197
ok,23-May-2016,42513.80295,188
ok,23-May-2016,42513.8099,106
ok,23-May-2016,42513.81684,0
ok,23-May-2016,42513.82379,0
ok,23-May-2016,42513.83073,109
ok,23-May-2016,42513.83767,0
ok,23-May-2016,42513.84462,153
ok,23-May-2016,42513.85156,179
ok,23-May-2016,42513.85851,193
ok,23-May-2016,42513.86545,200
ok,23-May-2016,42513.8724,200
ok,23-May-2016,42513.87934,184
ok,23-May-2016,42513.88629,193
ok,23-May-2016,42513.89323,200
ok,23-May-2016,42513.90017,167
ok,23-May-2016,42513.90712,0
ok,23-May-2016,42513.91406,121
ok,23-May-2016,42513.92101,196
ok,23-May-2016,42513.92795,95
ok,23-May-2016,42513.9349,200
ok,23-May-2016,42513.94184,199
ok,23-May-2016,42513.94879,175
ok,23-May-2016,42513.95573,184
ok,23-May-2016,42513.96267,200
ok,23-May-2016,42513.96962,200
ok,23-May-2016,42513.97656,198
ok,23-May-2016,42513.98351,194
ok,23-May-2016,42513.99045,180
ok,23-May-2016,42513.9974,199
ok,24-May-2016,42514.00434,137
ok,24-May-2016,42514.01129,95
ok,24-May-2016,42514.01823,186
ok,24-May-2016,42514.02517,200
ok,24-May-2016,42514.03212,198
ok,24-May-2016,42514.03906,199
ok,24-May-2016,42514.04601,197
ok,24-May-2016,42514.05295,200
ok,24-May-2016,42514.0599,200
ok,24-May-2016,42514.06684,198
ok,24-May-2016,42514.07379,198
ok,24-May-2016,42514.08073,196
ok,24-May-2016,42514.08767,200
ok,24-May-2016,42514.09462,200
ok,24-May-2016,42514.10156,200
ok,24-May-2016,42514.10851,200
ok,24-May-2016,42514.11545,198
ok,24-May-2016,42514.1224,189
ok,24-May-2016,42514.12934,197
ok,24-May-2016,42514.13629,200
ok,24-May-2016,42514.14323,200
ok,24-May-2016,42514.15017,192
ok,24-May-2016,42514.15712,186
ok,24-May-2016,42514.16406,182
ok,24-May-2016,42514.17101,200
ok,24-May-2016,42514.17795,199
ok,24-May-2016,42514.1849,197
ok,24-May-2016,42514.19184,200
ok,24-May-2016,42514.19879,200
ok,24-May-2016,42514.20573,200
ok,24-May-2016,42514.21267,200
ok,24-May-2016,42514.21962,200
ok,24-May-2016,42514.22656,200
ok,24-May-2016,42514.23351,200
ok,24-May-2016,42514.24045,194
ok,24-May-2016,42514.2474,196
ok,24-May-2016,42514.25434,200
ok,24-May-2016,42514.26129,195
ok,24-May-2016,42514.26823,200
ok,24-May-2016,42514.27517,199
ok,24-May-2016,42514.28212,190
ok,24-May-2016,42514.28906,189
ok,24-May-2016,42514.29601,200
ok,24-May-2016,42514.30295,189
ok,24-May-2016,42514.3099,185
ok,24-May-2016,42514.31684,200
ok,24-May-2016,42514.32379,199
ok,24-May-2016,42514.33073,197
ok,24-May-2016,42514.33767,181
ok,24-May-2016,42514.34462,0
ok,24-May-2016,42514.35156,0
ok,24-May-2016,42514.35851,80
ok,24-May-2016,42514.36545,127
ok,24-May-2016,42514.3724,0
ok,24-May-2016,42514.37934,0
ok,24-May-2016,42514.38629,0
ok,24-May-2016,42514.39323,0
ok,24-May-2016,42514.40017,0
ok,24-May-2016,42514.40712,0
ok,24-May-2016,42514.41406,0
ok,24-May-2016,42514.42101,183
ok,24-May-2016,42514.42795,45
ok,24-May-2016,42514.4349,38
ok,24-May-2016,42514.44184,200
ok,24-May-2016,42514.44879,148
ok,24-May-2016,42514.45573,0
ok,24-May-2016,42514.46267,0
ok,24-May-2016,42514.46962,0
ok,24-May-2016,42514.47656,0
ok,24-May-2016,42514.48351,0
ok,24-May-2016,42514.49045,0
ok,24-May-2016,42514.4974,0
ok,24-May-2016,42514.50434,0
ok,24-May-2016,42514.51129,0
ok,24-May-2016,42514.51823,0
ok,24-May-2016,42514.52517,167
ok,24-May-2016,42514.53212,200
ok,24-May-2016,42514.53906,19
ok,24-May-2016,42514.54601,0
ok,24-May-2016,42514.55295,0
ok,24-May-2016,42514.5599,0
ok,24-May-2016,42514.56684,0
ok,24-May-2016,42514.57379,0
ok,24-May-2016,42514.58073,0
ok,24-May-2016,42514.58767,0
ok,24-May-2016,42514.59462,0
ok,24-May-2016,42514.60156,0
ok,24-May-2016,42514.60851,0
ok,24-May-2016,42514.61545,0
ok,24-May-2016,42514.6224,0
ok,24-May-2016,42514.62934,0
ok,24-May-2016,42514.63629,0
ok,24-May-2016,42514.64323,0
ok,24-May-2016,42514.65017,0
ok,24-May-2016,42514.65712,0
ok,24-May-2016,42514.66406,0
ok,24-May-2016,42514.67101,0
ok,24-May-2016,42514.67795,0
ok,24-May-2016,42514.6849,0
ok,24-May-2016,42514.69184,0
ok,24-May-2016,42514.69879,0
ok,24-May-2016,42514.70573,0
ok,24-May-2016,42514.71267,0
ok,24-May-2016,42514.71962,0
ok,24-May-2016,42514.72656,0
ok,24-May-2016,42514.73351,0
ok,24-May-2016,42514.74045,0
ok,24-May-2016,42514.7474,0
ok,24-May-2016,42514.75434,0
ok,24-May-2016,42514.76129,0
ok,24-May-2016,42514.76823,0
ok,24-May-2016,42514.77517,0
ok,24-May-2016,42514.78212,0
ok,24-May-2016,42514.78906,0
ok,24-May-2016,42514.79601,0
ok,24-May-2016,42514.80295,0
ok,24-May-2016,42514.8099,0
ok,24-May-2016,42514.81684,0
ok,24-May-2016,42514.82379,0
ok,24-May-2016,42514.83073,0
ok,24-May-2016,42514.83767,0
ok,24-May-2016,42514.84462,0
ok,24-May-2016,42514.85156,0
ok,24-May-2016,42514.85851,0
ok,24-May-2016,42514.86545,0
ok,24-May-2016,42514.8724,0
ok,24-May-2016,42514.87934,0
ok,24-May-2016,42514.88629,0
ok,24-May-2016,42514.89323,0
ok,24-May-2016,42514.90017,0
ok,24-May-2016,42514.90712,0
ok,24-May-2016,42514.91406,0
ok,24-May-2016,42514.92101,0
ok,24-May-2016,42514.92795,0
ok,24-May-2016,42514.9349,0
ok,24-May-2016,42514.94184,0
ok,24-May-2016,42514.94879,0
ok,24-May-2016,42514.95573,0
ok,24-May-2016,42514.96267,0
ok,24-May-2016,42514.96962,0
ok,24-May-2016,42514.97656,0
ok,24-May-2016,42514.98351,0
ok,24-May-2016,42514.99045,0
ok,24-May-2016,42514.9974,0
ok,25-May-2016,42515.00434,0
ok,25-May-2016,42515.01129,0
ok,25-May-2016,42515.01823,0
ok,25-May-2016,42515.02517,0
ok,25-May-2016,42515.03212,0
ok,25-May-2016,42515.03906,0
ok,25-May-2016,42515.04601,0
ok,25-May-2016,42515.05295,0
ok,25-May-2016,42515.0599,0
ok,25-May-2016,42515.06684,0
ok,25-May-2016,42515.07379,0
ok,25-May-2016,42515.08073,0
ok,25-May-2016,42515.08767,0
ok,25-May-2016,42515.09462,0
ok,25-May-2016,42515.10156,0
ok,25-May-2016,42515.10851,0
ok,25-May-2016,42515.11545,0
ok,25-May-2016,42515.1224,0
ok,25-May-2016,42515.12934,0
ok,25-May-2016,42515.13629,0
ok,25-May-2016,42515.14323,0
ok,25-May-2016,42515.15017,0
ok,25-May-2016,42515.15712,0
ok,25-May-2016,42515.16406,0
ok,25-May-2016,42515.17101,0
ok,25-May-2016,42515.17795,0
ok,25-May-2016,42515.1849,0
ok,25-May-2016,42515.19184,0
ok,25-May-2016,42515.19879,0
ok,25-May-2016,42515.20573,0
ok,25-May-2016,42515.21267,0
ok,25-May-2016,42515.21962,0
ok,25-May-2016,42515.22656,0
ok,25-May-2016,42515.23351,0
ok,25-May-2016,42515.24045,0
ok,25-May-2016,42515.2474,0
ok,25-May-2016,42515.25434,0
ok,25-May-2016,42515.26129,0
ok,25-May-2016,42515.26823,0
ok,25-May-2016,42515.27517,0
ok,25-May-2016,42515.28212,0
ok,25-May-2016,42515.28906,0
ok,25-May-2016,42515.29601,0
ok,25-May-2016,42515.30295,0
ok,25-May-2016,42515.3099,0
ok,25-May-2016,42515.31684,0
ok,25-May-2016,42515.32379,0
ok,25-May-2016,42515.33073,0
ok,25-May-2016,42515.33767,0
ok,25-May-2016,42515.34462,0
ok,25-May-2016,42515.35156,0
ok,25-May-2016,42515.35851,0
ok,25-May-2016,42515.36545,0
ok,25-May-2016,42515.3724,0
ok,25-May-2016,42515.37934,0
ok,25-May-2016,42515.38629,0
ok,25-May-2016,42515.39323,0
ok,25-May-2016,42515.40017,0
ok,25-May-2016,42515.40712,0
ok,25-May-2016,42515.41406,0
ok,25-May-2016,42515.42101,0
ok,25-May-2016,42515.42795,0
ok,25-May-2016,42515.4349,0
ok,25-May-2016,42515.44184,0
ok,25-May-2016,42515.44879,0
ok,25-May-2016,42515.45573,0
ok,25-May-2016,42515.46267,0
ok,25-May-2016,42515.46962,0
ok,25-May-2016,42515.47656,0
ok,25-May-2016,42515.48351,120
ok,25-May-2016,42515.49045,200
ok,25-May-2016,42515.4974,192
ok,25-May-2016,42515.50434,171
ok,25-May-2016,42515.51129,174
ok,25-May-2016,42515.51823,199
ok,25-May-2016,42515.52517,197
ok,25-May-2016,42515.53212,184
ok,25-May-2016,42515.53906,197
ok,25-May-2016,42515.54601,190
ok,25-May-2016,42515.55295,200
ok,25-May-2016,42515.5599,200
ok,25-May-2016,42515.56684,200
ok,25-May-2016,42515.57379,200
ok,25-May-2016,42515.58073,200
ok,25-May-2016,42515.58767,199
ok,25-May-2016,42515.59462,199
ok,25-May-2016,42515.60156,200
ok,25-May-2016,42515.60851,200
ok,25-May-2016,42515.61545,195
ok,25-May-2016,42515.6224,200
ok,25-May-2016,42515.62934,199
ok,25-May-2016,42515.63629,196
ok,25-May-2016,42515.64323,200
ok,25-May-2016,42515.65017,74
ok,25-May-2016,42515.65712,0
ok,25-May-2016,42515.66406,0
ok,25-May-2016,42515.67101,0
ok,25-May-2016,42515.67795,0
ok,25-May-2016,42515.6849,0
ok,25-May-2016,42515.69184,0
ok,25-May-2016,42515.69879,0
ok,25-May-2016,42515.70573,0
ok,25-May-2016,42515.71267,0
ok,25-May-2016,42515.71962,0
ok,25-May-2016,42515.72656,0
ok,25-May-2016,42515.73351,0
ok,25-May-2016,42515.74045,0
ok,25-May-2016,42515.7474,0
ok,25-May-2016,42515.75434,0
ok,25-May-2016,42515.76129,0
ok,25-May-2016,42515.76823,0
ok,25-May-2016,42515.77517,0
ok,25-May-2016,42515.78212,0
ok,25-May-2016,42515.78906,0
ok,25-May-2016,42515.79601,0
ok,25-May-2016,42515.80295,95
ok,25-May-2016,42515.8099,113
ok,25-May-2016,42515.81684,0
ok,25-May-2016,42515.82379,134
ok,25-May-2016,42515.83073,200
ok,25-May-2016,42515.83767,86
ok,25-May-2016,42515.84462,0
ok,25-May-2016,42515.85156,0
ok,25-May-2016,42515.85851,85
ok,25-May-2016,42515.86545,200
ok,25-May-2016,42515.8724,200
ok,25-May-2016,42515.87934,97
ok,25-May-2016,42515.88629,121
ok,25-May-2016,42515.89323,199
ok,25-May-2016,42515.90017,200
ok,25-May-2016,42515.90712,97
ok,25-May-2016,42515.91406,119
ok,25-May-2016,42515.92101,101
ok,25-May-2016,42515.92795,176
ok,25-May-2016,42515.9349,22
ok,25-May-2016,42515.94184,125
ok,25-May-2016,42515.94879,154
ok,25-May-2016,42515.95573,200
ok,25-May-2016,42515.96267,200
ok,25-May-2016,42515.96962,200
ok,25-May-2016,42515.97656,200
ok,25-May-2016,42515.98351,199
ok,25-May-2016,42515.99045,200
ok,25-May-2016,42515.9974,200
ok,26-May-2016,42516.00434,200
ok,26-May-2016,42516.01129,154
ok,26-May-2016,42516.01823,200
ok,26-May-2016,42516.02517,161
ok,26-May-2016,42516.03212,131
ok,26-May-2016,42516.03906,200
ok,26-May-2016,42516.04601,192
ok,26-May-2016,42516.05295,193
ok,26-May-2016,42516.0599,200
ok,26-May-2016,42516.06684,142
ok,26-May-2016,42516.07379,153
ok,26-May-2016,42516.08073,106
ok,26-May-2016,42516.08767,175
ok,26-May-2016,42516.09462,183
ok,26-May-2016,42516.10156,176
ok,26-May-2016,42516.10851,200
ok,26-May-2016,42516.11545,200
ok,26-May-2016,42516.1224,200
ok,26-May-2016,42516.12934,200
ok,26-May-2016,42516.13629,200
ok,26-May-2016,42516.14323,200
ok,26-May-2016,42516.15017,200
ok,26-May-2016,42516.15712,200
ok,26-May-2016,42516.16406,192
ok,26-May-2016,42516.17101,188
ok,26-May-2016,42516.17795,200
ok,26-May-2016,42516.1849,200
ok,26-May-2016,42516.19184,200
ok,26-May-2016,42516.19879,200
ok,26-May-2016,42516.20573,200
ok,26-May-2016,42516.21267,200
ok,26-May-2016,42516.21962,200
ok,26-May-2016,42516.22656,200
ok,26-May-2016,42516.23351,195
ok,26-May-2016,42516.24045,189
ok,26-May-2016,42516.2474,188
ok,26-May-2016,42516.25434,200
ok,26-May-2016,42516.26129,200
ok,26-May-2016,42516.26823,200
ok,26-May-2016,42516.27517,200
ok,26-May-2016,42516.28212,200
ok,26-May-2016,42516.28906,200
ok,26-May-2016,42516.29601,148
ok,26-May-2016,42516.30295,199
ok,26-May-2016,42516.3099,163
ok,26-May-2016,42516.31684,200
ok,26-May-2016,42516.32379,186
ok,26-May-2016,42516.33073,199
ok,26-May-2016,42516.33767,182
ok,26-May-2016,42516.34462,199
ok,26-May-2016,42516.35156,196
ok,26-May-2016,42516.35851,168
ok,26-May-2016,42516.36545,134
ok,26-May-2016,42516.3724,200
ok,26-May-2016,42516.37934,200
ok,26-May-2016,42516.38629,179
ok,26-May-2016,42516.39323,195
ok,26-May-2016,42516.40017,200
ok,26-May-2016,42516.40712,199
ok,26-May-2016,42516.41406,200
ok,26-May-2016,42516.42101,200
ok,26-May-2016,42516.42795,200
ok,26-May-2016,42516.4349,199
ok,26-May-2016,42516.44184,199
ok,26-May-2016,42516.44879,200
ok,26-May-2016,42516.45573,200
ok,26-May-2016,42516.46267,200
ok,26-May-2016,42516.46962,194
ok,26-May-2016,42516.47656,199
ok,26-May-2016,42516.48351,200
ok,26-May-2016,42516.49045,198
ok,26-May-2016,42516.4974,197
ok,26-May-2016,42516.50434,196
ok,26-May-2016,42516.51129,199
ok,26-May-2016,42516.51823,184
ok,26-May-2016,42516.52517,199
ok,26-May-2016,42516.53212,200
ok,26-May-2016,42516.53906,199
ok,26-May-2016,42516.54601,196
ok,26-May-2016,42516.55295,163
ok,26-May-2016,42516.5599,168
ok,26-May-2016,42516.56684,200
ok,26-May-2016,42516.57379,200
ok,26-May-2016,42516.58073,200
ok,26-May-2016,42516.58767,200
ok,26-May-2016,42516.59462,200
ok,26-May-2016,42516.60156,200
ok,26-May-2016,42516.60851,200
ok,26-May-2016,42516.61545,119
ok,26-May-2016,42516.6224,165
ok,26-May-2016,42516.62934,196
ok,26-May-2016,42516.63629,199
ok,26-May-2016,42516.64323,200
ok,26-May-2016,42516.65017,192
ok,26-May-2016,42516.65712,197
ok,26-May-2016,42516.66406,200
ok,26-May-2016,42516.67101,200
ok,26-May-2016,42516.67795,199
ok,26-May-2016,42516.6849,199
ok,26-May-2016,42516.69184,200
ok,26-May-2016,42516.69879,195
ok,26-May-2016,42516.70573,200
ok,26-May-2016,42516.71267,199
ok,26-May-2016,42516.71962,198
ok,26-May-2016,42516.72656,200
ok,26-May-2016,42516.73351,200
ok,26-May-2016,42516.74045,188
ok,26-May-2016,42516.7474,200
ok,26-May-2016,42516.75434,200
ok,26-May-2016,42516.76129,200
ok,26-May-2016,42516.76823,200
ok,26-May-2016,42516.77517,196
ok,26-May-2016,42516.78212,198
ok,26-May-2016,42516.78906,194
ok,26-May-2016,42516.79601,197
ok,26-May-2016,42516.80295,197
ok,26-May-2016,42516.8099,200
ok,26-May-2016,42516.81684,197
ok,26-May-2016,42516.82379,197
ok,26-May-2016,42516.83073,199
ok,26-May-2016,42516.83767,200
ok,26-May-2016,42516.84462,200
ok,26-May-2016,42516.85156,200
ok,26-May-2016,42516.85851,200
ok,26-May-2016,42516.86545,191
ok,26-May-2016,42516.8724,199
ok,26-May-2016,42516.87934,200
ok,26-May-2016,42516.88629,199
ok,26-May-2016,42516.89323,196
ok,26-May-2016,42516.90017,200
ok,26-May-2016,42516.90712,200
ok,26-May-2016,42516.91406,200
ok,26-May-2016,42516.92101,199
ok,26-May-2016,42516.92795,198
ok,26-May-2016,42516.9349,167
ok,26-May-2016,42516.94184,200
ok,26-May-2016,42516.94879,200
ok,26-May-2016,42516.95573,200
ok,26-May-2016,42516.96267,200
ok,26-May-2016,42516.96962,200
ok,26-May-2016,42516.97656,198
ok,26-May-2016,42516.98351,199
ok,26-May-2016,42516.99045,200
ok,26-May-2016,42516.9974,200
ok,27-May-2016,42517.00434,198
ok,27-May-2016,42517.01129,188
ok,27-May-2016,42517.01823,200
ok,27-May-2016,42517.02517,200
ok,27-May-2016,42517.03212,199
ok,27-May-2016,42517.03906,200
ok,27-May-2016,42517.04601,200
ok,27-May-2016,42517.05295,196
ok,27-May-2016,42517.0599,200
ok,27-May-2016,42517.06684,200
ok,27-May-2016,42517.07379,200
ok,27-May-2016,42517.08073,200
ok,27-May-2016,42517.08767,200
ok,27-May-2016,42517.09462,200
ok,27-May-2016,42517.10156,200
ok,27-May-2016,42517.10851,183
ok,27-May-2016,42517.11545,200
ok,27-May-2016,42517.1224,200
ok,27-May-2016,42517.12934,200
ok,27-May-2016,42517.13629,198
ok,27-May-2016,42517.14323,200
ok,27-May-2016,42517.15017,200
ok,27-May-2016,42517.15712,184
ok,27-May-2016,42517.16406,163
ok,27-May-2016,42517.17101,147
ok,27-May-2016,42517.17795,200
ok,27-May-2016,42517.1849,200
ok,27-May-2016,42517.19184,197
ok,27-May-2016,42517.19879,199
ok,27-May-2016,42517.20573,199
ok,27-May-2016,42517.21267,200
ok,27-May-2016,42517.21962,198
ok,27-May-2016,42517.22656,193
ok,27-May-2016,42517.23351,198
ok,27-May-2016,42517.24045,200
ok,27-May-2016,42517.2474,200
ok,27-May-2016,42517.25434,200
ok,27-May-2016,42517.26129,155
ok,27-May-2016,42517.26823,178
ok,27-May-2016,42517.27517,94
ok,27-May-2016,42517.28212,199
ok,27-May-2016,42517.28906,199
ok,27-May-2016,42517.29601,200
ok,27-May-2016,42517.30295,200
ok,27-May-2016,42517.3099,163
ok,27-May-2016,42517.31684,200
ok,27-May-2016,42517.32379,81
ok,27-May-2016,42517.33073,197
ok,27-May-2016,42517.33767,200
ok,27-May-2016,42517.34462,200
ok,27-May-2016,42517.35156,153
ok,27-May-2016,42517.35851,71
ok,27-May-2016,42517.36545,80
ok,27-May-2016,42517.3724,89
ok,27-May-2016,42517.37934,120
ok,27-May-2016,42517.38629,200
ok,27-May-2016,42517.39323,198
ok,27-May-2016,42517.40017,199
ok,27-May-2016,42517.40712,200
ok,27-May-2016,42517.41406,200
ok,27-May-2016,42517.42101,200
ok,27-May-2016,42517.42795,199
ok,27-May-2016,42517.4349,200
ok,27-May-2016,42517.44184,200
ok,27-May-2016,42517.44879,96
ok,27-May-2016,42517.45573,0
ok,27-May-2016,42517.46267,0
ok,27-May-2016,42517.46962,0
ok,27-May-2016,42517.47656,0
ok,27-May-2016,42517.48351,0
ok,27-May-2016,42517.49045,0
ok,27-May-2016,42517.4974,0
ok,27-May-2016,42517.50434,0
ok,27-May-2016,42517.51129,0
ok,27-May-2016,42517.51823,0
ok,27-May-2016,42517.52517,0
ok,27-May-2016,42517.53212,0
ok,27-May-2016,42517.53906,0
ok,27-May-2016,42517.54601,0
ok,27-May-2016,42517.55295,0
ok,27-May-2016,42517.5599,0
ok,27-May-2016,42517.56684,0
ok,27-May-2016,42517.57379,0
ok,27-May-2016,42517.58073,0
ok,27-May-2016,42517.58767,0
ok,27-May-2016,42517.59462,0
ok,27-May-2016,42517.60156,0
ok,27-May-2016,42517.60851,0
ok,27-May-2016,42517.61545,0
ok,27-May-2016,42517.6224,0
ok,27-May-2016,42517.62934,0
ok,27-May-2016,42517.63629,0
ok,27-May-2016,42517.64323,0
ok,27-May-2016,42517.65017,0
ok,27-May-2016,42517.65712,0
ok,27-May-2016,42517.66406,0
ok,27-May-2016,42517.67101,0
ok,27-May-2016,42517.67795,0
ok,27-May-2016,42517.6849,0
ok,27-May-2016,42517.69184,0
ok,27-May-2016,42517.69879,0
ok,27-May-2016,42517.70573,0
ok,27-May-2016,42517.71267,0
ok,27-May-2016,42517.71962,0
ok,27-May-2016,42517.72656,0
ok,27-May-2016,42517.73351,0
ok,27-May-2016,42517.74045,0
ok,27-May-2016,42517.7474,1
ok,27-May-2016,42517.75434,164
ok,27-May-2016,42517.76129,0
ok,27-May-2016,42517.76823,0
ok,27-May-2016,42517.77517,0
ok,27-May-2016,42517.78212,124
ok,27-May-2016,42517.78906,183
ok,27-May-2016,42517.79601,0
ok,27-May-2016,42517.80295,99
ok,27-May-2016,42517.8099,191
ok,27-May-2016,42517.81684,63
ok,27-May-2016,42517.82379,0
ok,27-May-2016,42517.83073,152
ok,27-May-2016,42517.83767,0
ok,27-May-2016,42517.84462,0
ok,27-May-2016,42517.85156,0
ok,27-May-2016,42517.85851,0
ok,27-May-2016,42517.86545,78
ok,27-May-2016,42517.8724,172
ok,27-May-2016,42517.87934,109
ok,27-May-2016,42517.88629,0
ok,27-May-2016,42517.89323,0
ok,27-May-2016,42517.90017,135
ok,27-May-2016,42517.90712,119
ok,27-May-2016,42517.91406,59
ok,27-May-2016,42517.92101,109
ok,27-May-2016,42517.92795,0
ok,27-May-2016,42517.9349,11
ok,27-May-2016,42517.94184,103
ok,27-May-2016,42517.94879,185
ok,27-May-2016,42517.95573,200
ok,27-May-2016,42517.96267,199
ok,27-May-2016,42517.96962,128
ok,27-May-2016,42517.97656,198
ok,27-May-2016,42517.98351,200
ok,27-May-2016,42517.99045,200
ok,27-May-2016,42517.9974,164
ok,28-May-2016,42518.00434,199
ok,28-May-2016,42518.01129,197
ok,28-May-2016,42518.01823,7
ok,28-May-2016,42518.02517,200
ok,28-May-2016,42518.03212,48
ok,28-May-2016,42518.03906,157
ok,28-May-2016,42518.04601,0
ok,28-May-2016,42518.05295,119
ok,28-May-2016,42518.0599,200
ok,28-May-2016,42518.06684,200
ok,28-May-2016,42518.07379,179
ok,28-May-2016,42518.08073,138
ok,28-May-2016,42518.08767,199
ok,28-May-2016,42518.09462,29
ok,28-May-2016,42518.10156,104
ok,28-May-2016,42518.10851,200
ok,28-May-2016,42518.11545,200
ok,28-May-2016,42518.1224,200
ok,28-May-2016,42518.12934,200
ok,28-May-2016,42518.13629,200
ok,28-May-2016,42518.14323,188
ok,28-May-2016,42518.15017,0
ok,28-May-2016,42518.15712,142
ok,28-May-2016,42518.16406,125
ok,28-May-2016,42518.17101,200
ok,28-May-2016,42518.17795,200
ok,28-May-2016,42518.1849,199
ok,28-May-2016,42518.19184,199
ok,28-May-2016,42518.19879,199
ok,28-May-2016,42518.20573,200
ok,28-May-2016,42518.21267,200
ok,28-May-2016,42518.21962,197
ok,28-May-2016,42518.22656,195
ok,28-May-2016,42518.23351,200
ok,28-May-2016,42518.24045,200
ok,28-May-2016,42518.2474,200
ok,28-May-2016,42518.25434,200
ok,28-May-2016,42518.26129,200
ok,28-May-2016,42518.26823,200
ok,28-May-2016,42518.27517,200
ok,28-May-2016,42518.28212,200
ok,28-May-2016,42518.28906,200
ok,28-May-2016,42518.29601,200
ok,28-May-2016,42518.30295,200
ok,28-May-2016,42518.3099,200
ok,28-May-2016,42518.31684,200
ok,28-May-2016,42518.32379,200
ok,28-May-2016,42518.33073,200
ok,28-May-2016,42518.33767,200
ok,28-May-2016,42518.34462,200
ok,28-May-2016,42518.35156,200
ok,28-May-2016,42518.35851,199
ok,28-May-2016,42518.36545,25
ok,28-May-2016,42518.3724,0
ok,28-May-2016,42518.37934,0
ok,28-May-2016,42518.38629,0
ok,28-May-2016,42518.39323,0
ok,28-May-2016,42518.40017,0
ok,28-May-2016,42518.40712,0
ok,28-May-2016,42518.41406,0
ok,28-May-2016,42518.42101,0
ok,28-May-2016,42518.42795,189
ok,28-May-2016,42518.4349,200
ok,28-May-2016,42518.44184,200
ok,28-May-2016,42518.44879,156
ok,28-May-2016,42518.45573,0
ok,28-May-2016,42518.46267,0
ok,28-May-2016,42518.46962,0
ok,28-May-2016,42518.47656,0
ok,28-May-2016,42518.48351,0
ok,28-May-2016,42518.49045,179
ok,28-May-2016,42518.4974,200
ok,28-May-2016,42518.50434,200
ok,28-May-2016,42518.51129,199
ok,28-May-2016,42518.51823,197
ok,28-May-2016,42518.52517,198
ok,28-May-2016,42518.53212,198
ok,28-May-2016,42518.53906,199
ok,28-May-2016,42518.54601,198
ok,28-May-2016,42518.55295,118
ok,28-May-2016,42518.5599,0
ok,28-May-2016,42518.56684,0
ok,28-May-2016,42518.57379,0
ok,28-May-2016,42518.58073,0
ok,28-May-2016,42518.58767,0
ok,28-May-2016,42518.59462,0
ok,28-May-2016,42518.60156,0
ok,28-May-2016,42518.60851,0
ok,28-May-2016,42518.61545,0
ok,28-May-2016,42518.6224,0
ok,28-May-2016,42518.62934,0
ok,28-May-2016,42518.63629,0
ok,28-May-2016,42518.64323,0
ok,28-May-2016,42518.65017,0
ok,28-May-2016,42518.65712,0
ok,28-May-2016,42518.66406,0
ok,28-May-2016,42518.67101,0
ok,28-May-2016,42518.67795,0
ok,28-May-2016,42518.6849,0
ok,28-May-2016,42518.69184,0
ok,28-May-2016,42518.69879,0
ok,28-May-2016,42518.70573,0
ok,28-May-2016,42518.71267,0
ok,28-May-2016,42518.71962,0
ok,28-May-2016,42518.72656,0
ok,28-May-2016,42518.73351,0
ok,28-May-2016,42518.74045,0
ok,28-May-2016,42518.7474,0
ok,28-May-2016,42518.75434,0
ok,28-May-2016,42518.76129,0
ok,28-May-2016,42518.76823,8
ok,28-May-2016,42518.77517,85
ok,28-May-2016,42518.78212,46
ok,28-May-2016,42518.78906,0
ok,28-May-2016,42518.79601,0
ok,28-May-2016,42518.80295,76
ok,28-May-2016,42518.8099,24
ok,28-May-2016,42518.81684,95
ok,28-May-2016,42518.82379,0
ok,28-May-2016,42518.83073,0
ok,28-May-2016,42518.83767,0
ok,28-May-2016,42518.84462,0
ok,28-May-2016,42518.85156,36
ok,28-May-2016,42518.85851,0
ok,28-May-2016,42518.86545,93
ok,28-May-2016,42518.8724,189
ok,28-May-2016,42518.87934,52
ok,28-May-2016,42518.88629,0
ok,28-May-2016,42518.89323,94
ok,28-May-2016,42518.90017,136
ok,28-May-2016,42518.90712,189
ok,28-May-2016,42518.91406,97
ok,28-May-2016,42518.92101,198
ok,28-May-2016,42518.92795,198
ok,28-May-2016,42518.9349,182
ok,28-May-2016,42518.94184,95
ok,28-May-2016,42518.94879,58
ok,28-May-2016,42518.95573,58
ok,28-May-2016,42518.96267,97
ok,28-May-2016,42518.96962,178
ok,28-May-2016,42518.97656,200
ok,28-May-2016,42518.98351,197
ok,28-May-2016,42518.99045,177
ok,28-May-2016,42518.9974,200